epoch,step,train_loss_step
0,49,9.924531936645508
0,99,9.061823844909668
0,149,8.530000686645508
0,199,7.689970970153809
0,249,7.386183738708496
0,299,7.426028251647949
0,349,7.3408708572387695
0,399,7.17882776260376
0,449,8.085456848144531
0,499,8.069941520690918
0,549,8.011055946350098
0,599,7.731204032897949
0,649,7.622148513793945
0,699,7.620153427124023
0,749,7.792774200439453
0,799,7.814835548400879
