epoch,step,train_loss_step
0,49,10.059478759765625
0,99,8.859481811523438
0,149,8.514739990234375
0,199,8.139297485351562
0,249,7.7388153076171875
0,299,7.7610626220703125
