epoch,step,train_loss_step
0,49,9.87814712524414
0,99,9.251036643981934
0,149,8.497989654541016
0,199,7.957141876220703
0,249,7.488955497741699
0,299,7.7068634033203125
0,349,7.104140281677246
