epoch,step,train_loss_step
0,49,9.90494155883789
0,99,8.966255187988281
0,149,8.523634910583496
0,199,7.879088878631592
0,249,7.762575149536133
0,299,7.600640296936035
0,349,7.6714067459106445
0,399,7.6348114013671875
0,449,7.569207191467285
0,499,7.654511451721191
